SMILES,原子数量,键数量,是否含芳香环,分子量,logP,Gasteiger 电荷均值,平均氢原子数,SMILES 长度,预测结果
C(C1=CC(C2C=CC=CC=2)=C(C(F)(F)F)S1)1ON=C(C2C=CC=C(C=2)C(F)(F)F)N=1,30,33,True,440.04180326000005,7.169700000000003,-0.020976291828909192,0.3333333333333333,66,溶解
C(C1=CC(C2=C(C=CC=C2)C(F)(F)F)=CS1)1ON=C(C2C=C(C=CC=2)C(F)(F)F)N=1,30,33,True,440.04180326000005,7.169700000000003,-0.021387977345872212,0.3333333333333333,66,溶解
C(C1=CC(C2C=CC(CC)=CC=2)=CS1)1ON=C(C2C=C(C=CC=2)C(F)(F)F)N=1,28,31,True,400.0857187600001,6.713300000000005,-0.027677602433396547,0.5357142857142857,60,溶解
CC1=NC(C2=CC(C(F)(F)F)=CC=C2)=NO1,16,17,True,228.051047504,3.0638200000000015,-0.02194003157128835,0.4375,33,不溶解
FC(C1=CC=CC(C2=NOC(C3=CC(C4=CC=CC=C4)=CS3)=N2)=C1)(F)F,26,29,True,372.0544186320001,6.1509000000000045,-0.027073248009925964,0.4230769230769231,54,溶解
C1(C2=CC=CC=C2)=CSC=C1,11,12,True,160.034671256,3.4151000000000016,-0.04773364245169726,0.7272727272727273,22,不溶解
